<?xml version="1.0" encoding="UTF-8"?>
<project-private xmlns="http://www.netbeans.org/ns/project-private/1">
    <editor-bookmarks xmlns="http://www.netbeans.org/ns/editor-bookmarks/2" lastBookmarkId="0"/>
    <open-files xmlns="http://www.netbeans.org/ns/projectui-open-files/2">
        <group>
            <file>file:/home/sergio/Documentos/Estudios/DAM/PSP/Fernandez_Martinez_Sergio_PSP_Examen01/JuegoRefranesCliente/src/cliente/Cliente.java</file>
            <file>file:/home/sergio/Documentos/Estudios/DAM/PSP/Fernandez_Martinez_Sergio_PSP_Examen01/JuegoRefranesCliente/src/juegorefranescliente/JuegoRefranesCliente.java</file>
        </group>
    </open-files>
</project-private>
